<?xml version="1.0" encoding="UTF-8"?>
<beans xmlns="http://www.springframework.org/schema/beans"
	xmlns:xsi="http://www.w3.org/2001/XMLSchema-instance"
	xmlns:context="http://www.springframework.org/schema/context"
	xsi:schemaLocation="http://www.springframework.org/schema/beans http://www.springframework.org/schema/beans/spring-beans-3.1.xsd
		http://www.springframework.org/schema/context http://www.springframework.org/schema/context/spring-context-3.1.xsd">


<bean id="dataSource" class="org.springframework.jdbc.datasource.DriverManagerDataSource">
<property name="driverClassName" value="com.mysql.jdbc.Driver"/>
<property name="url" value="jdbc:mysql://localhost:3306/springjdbc"/>
<property name="username" value="root"/>
<property name="password" value="Pass1234"/>
</bean>


<bean id="jdbcTemp" class="org.capgemini.Dao.VisitorDaoImpl">
	<property name="dataSource" ref="dataSource"/>
</bean>

<bean id="visitor" class="org.capgemini.Demo.Visitor" autowire="byName">
<property name="visitor_Id" value="10"/>
<property name="visitor_Name" value="Kammo"/>
</bean>

<bean id="address" class="org.capgemini.Demo.Address">
<property name="address_Id" value="2"/>
<property name="doorNo" value="20"/>
<property name="stName" value="Kalmeshwar"/>
<property name="city" value="Nagpur"/>
<property name="state" value="Maharashtra"/>
</bean>

</beans>


